id,age,name,position,salary,department_id,created_at,updated_at
1,28,Tran Nam Nam,Backend Engineer,20000,1,2026-08-18T03:27:16.346303Z,2026-08-19T08:20:50.217916Z
2,28,Nguyen Van A,Backend Engineer,30000,1,2026-08-18T03:27:21.933415Z,2026-08-18T03:27:21.933415Z
3,28,Nguyen Van B,Backend Engineer,30000000,1,2026-08-18T03:27:29.91295Z,2026-08-18T03:27:29.91295Z
4,28,Nguyen Van B,Backend Engineer,300000,1,2026-08-18T03:27:34.364476Z,2026-08-18T03:27:34.364476Z
5,28,Nguyen Van B,Backend Engineer,300000,1,2026-08-18T03:27:35.253506Z,2026-08-18T03:27:35.253506Z
6,28,Nguyen Van B,Backend Engineer,300000,1,2026-08-18T03:27:35.869949Z,2026-08-18T03:27:35.869949Z
7,28,Nguyen Van B,Backend Engineer,300000,1,2026-08-18T03:27:36.494656Z,2026-08-18T03:27:36.494656Z
8,28,Nguyen Van B,Backend Engineer,300000,2,2026-08-19T08:19:38.264451Z,2026-08-19T08:19:38.264451Z
9,28,Tran Van B,Backend Engineer,300000,2,2026-08-19T08:19:48.762284Z,2026-08-19T08:19:48.762284Z
